<?xml version="1.0"?>
<config xmlns:xsi="http://www.w3.org/2001/XMLSchema-instance" xsi:noNamespaceSchemaLocation="urn:magento:module:Magento_Config:etc/system_file.xsd">
    <system>
        <tab id="landofcoder" translate="label" sortOrder="999">
            <label>Landofcoder</label>
        </tab>
        <section id="lof_recentorder" translate="label" type="text" sortOrder="100" showInDefault="1" showInWebsite="1" showInStore="1">
            <class>separator-top</class>
            <label>Recent Order</label>
            <tab>landofcoder</tab>
            <resource>Lof_RecentOrder::config_recentorder</resource>
            <group id="general" translate="label" type="text" sortOrder="30" showInDefault="1" showInWebsite="1" showInStore="1">
                <label>Recent Order Notification Products</label>
                <field id="enabled" translate="label comment" type="select" sortOrder="10"  showInDefault="1" showInWebsite="1" showInStore="1" canRestore="1">
                    <label>Enabled</label>
                    <comment>Enabled Recent Order</comment>
                    <source_model>Magento\Config\Model\Config\Source\Yesno</source_model>
                </field>
                <field id="fakeinfo" translate="label comment" type="select" sortOrder="20"  showInDefault="1" showInWebsite="1" showInStore="1" canRestore="1">
                    <label>Use Fake info order</label>
                    <comment>Use Fake info order</comment>
                    <source_model>Magento\Config\Model\Config\Source\Yesno</source_model>
                    <depends><field id="enabled" separator=",">1</field></depends>
                </field>
                <field id="filterbystore" translate="label comment" type="select" sortOrder="25"  showInDefault="1" showInWebsite="1" showInStore="1" canRestore="1">
                    <label>Filter by store</label>
                    <comment>Only select it when you have multi-store and you want to show only products of orders by current store</comment>
                    <source_model>Magento\Config\Model\Config\Source\Yesno</source_model>
                    <depends><field id="fakeinfo" separator=",">0</field></depends>
                </field>
                <field id="product_ids" translate="label comment" type="text" sortOrder="30"  showInDefault="1" showInWebsite="1" showInStore="1" canRestore="1">
                    <label>Fake product Ids</label>
                    <comment>Comma-separated.</comment>
                    <depends><field id="fakeinfo" separator=",">1</field></depends>
                    <validate>validate-per-page-value-list</validate>
                </field>
                <field id="faketime" translate="label comment" type="text" sortOrder="40"  showInDefault="1" showInWebsite="1" showInStore="1" canRestore="1">
                    <label>Fake times purchased</label>
                    <comment>a few minutes ago, 5 minutes ago, 15 minutes ago</comment>
                    <depends><field id="fakeinfo" separator=",">1</field></depends>
                </field>
                <field id="fakeaddress" translate="label comment" type="text" sortOrder="45"  showInDefault="1" showInWebsite="1" showInStore="1" canRestore="1">
                    <label>Fake order shipping address</label>
                    <comment>Hanoi - VN, New York - US, Sydney - Australia</comment>
                    <depends><field id="fakeinfo" separator=",">1</field></depends>
                </field>
                <field id="limit" translate="label comment" type="text" sortOrder="50"  showInDefault="1" showInWebsite="1" showInStore="1" canRestore="1">
                    <label>Limit</label>
                    <comment>Limit products</comment>
                    <validate>validate-greater-than-zero</validate>
                    <depends><field id="enabled" separator=",">1</field></depends>
                </field>
                <field id="autoplay" translate="label comment" type="select" sortOrder="55"  showInDefault="1" showInWebsite="1" showInStore="1" canRestore="1">
                    <label>Autoplay</label>
                    <comment>Autoplay</comment>
                    <source_model>Magento\Config\Model\Config\Source\Yesno</source_model>
                    <depends><field id="enabled" separator=",">1</field></depends>
                </field>
                <field id="close_off" translate="label comment" type="select" sortOrder="60"  showInDefault="1" showInWebsite="1" showInStore="1" canRestore="1">
                    <label>Don't show again when close</label>
                    <comment>Don't show again in current page or other pages when customer click to button close</comment>
                    <source_model>Magento\Config\Model\Config\Source\Yesno</source_model>
                    <depends><field id="enabled" separator=",">1</field></depends>
                </field>
                <field id="firsttime" translate="label comment" type="text" sortOrder="65"  showInDefault="1" showInWebsite="1" showInStore="1" canRestore="1">
                    <label>First Time Show Notify</label>
                    <comment>First Time Show wait notify when start</comment>
                    <validate>validate-greater-than-zero</validate>
                    <depends><field id="enabled" separator=",">1</field></depends>
                </field>
                <field id="speed" translate="label comment" type="text" sortOrder="70"  showInDefault="1" showInWebsite="1" showInStore="1" canRestore="1">
                    <label>Speed</label>
                    <comment>Speed Next time</comment>
                    <validate>validate-greater-than-zero</validate>
                    <depends><field id="enabled" separator=",">1</field></depends>
                </field>
            </group>
        </section>
    </system>
</config>
