<?xml version="1.0" encoding="UTF-8"?>
<!--
/**
 * config
 *
 * @copyright Copyright © 2020 Lof. All rights reserved.
 * @author    @copyright Copyright (c) 2014 Lof (<https://www.lof.com>)
 * @license <https://www.lof.com/license-agreement.html>
 * @Author: lof<support@lof.com>
 * @github: <https://github.com/lof>
 */
-->
<config xmlns:xsi="http://www.w3.org/2001/XMLSchema-instance" xsi:noNamespaceSchemaLocation="urn:magento:framework:App/etc/routes.xsd">
    <router id="standard">
        <route id="recentlyviewed" frontName="recentlyviewed">
            <module name="Lof_RecentlyViewed" />
        </route>
    </router>
</config>
