<?xml version="1.0"?>
<config xmlns:xsi="http://www.w3.org/2001/XMLSchema-instance" xsi:noNamespaceSchemaLocation="../../../Config/etc/system_file.xsd">
    <system>
        <tab id="mgs" translate="label" sortOrder="600">
            <label>Mage Solution</label>
        </tab>
        <section id="extragallery" translate="label" type="text" showInDefault="1" showInWebsite="1" showInStore="1" sortOrder="70">
            <class>separator-top</class>
            <label>Extra Gallery</label>
            <tab>mgs</tab>
            <resource>MGS_ExtraGallery::config</resource>
            <group id="general" translate="label" type="text" showInDefault="1" showInWebsite="1" showInStore="1" sortOrder="10">
                <label>General Settings</label>
				<field id="max_size_image" translate="label comment" type="text" sortOrder="25" showInDefault="1" showInWebsite="1" showInStore="1">
					<label>Max Width Images (Default 600)</label>
				</field>
				<field id="glr_type" translate="label comment" type="select" sortOrder="10" showInDefault="1" showInWebsite="1" showInStore="1">
					<label>Product Gallery type</label>
					<source_model>MGS\ExtraGallery\Model\Config\Source\Gallery</source_model>
				</field>
				<field id="per_row_xl" translate="label comment" type="text" sortOrder="25" showInDefault="1" showInWebsite="1" showInStore="1">
					<label><![CDATA[Number Images Desktop (screen > 1200px)]]></label>
					<depends>
                        <field id="glr_type">6</field>
                    </depends>
				</field>
				<field id="per_row_lg" translate="label comment" type="text" sortOrder="25" showInDefault="1" showInWebsite="1" showInStore="1">
					<label><![CDATA[Number Images Small Desktop (992px <= screen < 1200px)]]></label>
					<depends>
                        <field id="glr_type">6</field>
                    </depends>
				</field>
				<field id="per_row_md" translate="label comment" type="text" sortOrder="25" showInDefault="1" showInWebsite="1" showInStore="1">
					<label><![CDATA[Number Images Tablet (768px <= screen < 992px)]]></label>
					<depends>
                        <field id="glr_type">6</field>
                    </depends>
				</field>
				<field id="per_row_sm" translate="label comment" type="text" sortOrder="25" showInDefault="1" showInWebsite="1" showInStore="1">
					<label><![CDATA[Number Images Small Tablet (576px <= screen < 768px)]]></label>
					<depends>
                        <field id="glr_type">6</field>
                    </depends>
				</field>
				<field id="per_row_xs" translate="label comment" type="text" sortOrder="25" showInDefault="1" showInWebsite="1" showInStore="1">
					<label><![CDATA[Number Images Mobile (screen <= 575px)]]></label>
					<depends>
                        <field id="glr_type">6</field>
                    </depends>
				</field>
				<field id="glr_effect" translate="label comment" type="select" sortOrder="15" showInDefault="1" showInWebsite="1" showInStore="1">
					<label>Gallery Effect</label>
					<source_model>MGS\ExtraGallery\Model\Config\Source\GalleryEffect</source_model>
				</field>
				<field id="zoom_magnify" translate="label comment" type="text" sortOrder="25" showInDefault="1" showInWebsite="1" showInStore="1">
					<label>Images Zoom and Popup (Magnify Ratio)</label>
				</field>
				<field id="zoom_mobile" translate="label comment" type="select" sortOrder="30" showInDefault="1" showInWebsite="1" showInStore="1">
					<label>Disable Zoom on Mobile</label>
					<source_model>Magento\Config\Model\Config\Source\Yesno</source_model>
					<depends>
                        <field id="glr_effect">1</field>
                    </depends>
				</field>
            </group>
		</section>
    </system>
</config>