<?xml version="1.0" encoding="UTF-8"?>
<!--
/**
 * system
 *
 * @copyright Copyright © 2020 Lof. All rights reserved.
 * @author    @copyright Copyright (c) 2014 Lof (<https://www.lof.com>)
 * @license <https://www.lof.com/license-agreement.html>
 * @Author: lof<support@lof.com>
 * @github: <https://github.com/lof>
 */
-->
<config xmlns:xsi="http://www.w3.org/2001/XMLSchema-instance" xsi:noNamespaceSchemaLocation="urn:magento:module:Magento_Config:etc/system_file.xsd">
    <system>
        <tab id="landofcoder" translate="label" sortOrder="999">
            <label>Landofcoder</label>
        </tab>
        <section id="lof_recentlyviewed" translate="label" sortOrder="130" showInDefault="1" showInWebsite="1" showInStore="1">
            <class>separator-top</class>
            <label>Recently Viewed</label>
            <tab>landofcoder</tab>
            <resource>Lof_RecentlyViewed::configuration</resource>
            <group id="general" translate="label" type="text" sortOrder="10" showInDefault="1" showInWebsite="0" showInStore="0">
                <label>General Settings</label>
                <field id="enabled" translate="label" type="select" sortOrder="1" showInDefault="1" showInWebsite="1" showInStore="0" canRestore="1">
                    <label>Enabled</label>
                    <source_model>Magento\Config\Model\Config\Source\Yesno</source_model>
                </field>
            </group>

        </section>
    </system>
</config>
